[{"model": "contenttypes.contenttype", "pk": 1, "fields": {"app_label": "admin", "model": "logentry"}}, {"model": "contenttypes.contenttype", "pk": 2, "fields": {"app_label": "auth", "model": "permission"}}, {"model": "contenttypes.contenttype", "pk": 3, "fields": {"app_label": "auth", "model": "group"}}, {"model": "contenttypes.contenttype", "pk": 4, "fields": {"app_label": "contenttypes", "model": "contenttype"}}, {"model": "contenttypes.contenttype", "pk": 5, "fields": {"app_label": "sessions", "model": "session"}}, {"model": "contenttypes.contenttype", "pk": 6, "fields": {"app_label": "rest", "model": "account"}}, {"model": "contenttypes.contenttype", "pk": 7, "fields": {"app_label": "rest", "model": "area"}}, {"model": "contenttypes.contenttype", "pk": 8, "fields": {"app_label": "rest", "model": "genre"}}, {"model": "contenttypes.contenttype", "pk": 9, "fields": {"app_label": "rest", "model": "situation"}}, {"model": "contenttypes.contenttype", "pk": 10, "fields": {"app_label": "rest", "model": "spot"}}, {"model": "contenttypes.contenttype", "pk": 11, "fields": {"app_label": "rest", "model": "kuchikomi"}}, {"model": "rest.account", "pk": "aa506bc9-4b4e-4b3a-a70f-0a9e6377b912", "fields": {"password": "pbkdf2_sha256$150000$3V6Rw2UfvCWn$bfdrBUrqTAsriHMCwa555LIjs48I1PQxVAKhEEetPHU=", "last_login": "2019-10-22T08:15:15.651Z", "username": "test01", "email": "test01@e.com", "bias": 0.02232404279234204, "variance": 0.0, "evals": 0.0, "is_active": true, "is_staff": false, "is_admin": false, "date_joined": "2019-10-22T08:15:15.651Z"}}, {"model": "rest.account", "pk": "d915b900-da93-4268-a921-5b687ebd5c55", "fields": {"password": "pbkdf2_sha256$150000$PnyftnSUm12e$XEvh3ZvHHYKcMhgGHVXNpWm+e18CrmQmGDo86xSaWq4=", "last_login": "2019-10-22T12:16:32.412Z", "username": "tomoya", "email": "tomoya@e.com", "bias": 0.43345598069200675, "variance": 0.0, "evals": 0.0, "is_active": true, "is_staff": false, "is_admin": false, "date_joined": "2019-10-22T12:16:32.412Z"}}, {"model": "rest.account", "pk": "ff0fd3c0-2f5c-430a-8116-17df300b4422", "fields": {"password": "pbkdf2_sha256$150000$K1vU5Kas2j8x$BSxIV8/iO3Iy2isRIZz0PgZz3vxsnUzAZ5WqiMNmX2s=", "last_login": "2019-10-22T13:20:03.887Z", "username": "test02", "email": "test02@e.com", "bias": 1e-05, "variance": 0.0, "evals": 0.0, "is_active": true, "is_staff": false, "is_admin": false, "date_joined": "2019-10-22T13:20:03.887Z"}}, {"model": "rest.genre", "pk": 1, "fields": {"genre_name": "\u5272\u70f9\u30fb\u61d0\u77f3", "created_at": "2019-10-22T12:36:50.997Z", "updated_at": "2019-10-22T12:36:50.997Z"}}, {"model": "rest.genre", "pk": 2, "fields": {"genre_name": "\u5bff\u53f8", "created_at": "2019-10-22T12:36:51.005Z", "updated_at": "2019-10-22T12:36:51.005Z"}}, {"model": "rest.genre", "pk": 3, "fields": {"genre_name": "\u9b5a\u4ecb\u6599\u7406\u30fb\u6d77\u9bae\u6599\u7406", "created_at": "2019-10-22T12:36:51.006Z", "updated_at": "2019-10-22T12:36:51.006Z"}}, {"model": "rest.genre", "pk": 4, "fields": {"genre_name": "\u5929\u3077\u3089", "created_at": "2019-10-22T12:36:51.007Z", "updated_at": "2019-10-22T12:36:51.007Z"}}, {"model": "rest.genre", "pk": 5, "fields": {"genre_name": "\u3068\u3093\u304b\u3064", "created_at": "2019-10-22T12:36:51.008Z", "updated_at": "2019-10-22T12:36:51.008Z"}}, {"model": "rest.genre", "pk": 6, "fields": {"genre_name": "\u4e32\u63da\u3052\u30fb\u4e32\u30ab\u30c4", "created_at": "2019-10-22T12:36:51.010Z", "updated_at": "2019-10-22T12:36:51.010Z"}}, {"model": "rest.genre", "pk": 7, "fields": {"genre_name": "\u305d\u3070", "created_at": "2019-10-22T12:36:51.011Z", "updated_at": "2019-10-22T12:36:51.011Z"}}, {"model": "rest.genre", "pk": 8, "fields": {"genre_name": "\u3046\u3069\u3093", "created_at": "2019-10-22T12:36:51.012Z", "updated_at": "2019-10-22T12:36:51.012Z"}}, {"model": "rest.genre", "pk": 9, "fields": {"genre_name": "\u713c\u304d\u305d\u3070", "created_at": "2019-10-22T12:36:51.014Z", "updated_at": "2019-10-22T12:36:51.014Z"}}, {"model": "rest.genre", "pk": 10, "fields": {"genre_name": "\u3046\u306a\u304e", "created_at": "2019-10-22T12:36:51.015Z", "updated_at": "2019-10-22T12:36:51.015Z"}}, {"model": "rest.genre", "pk": 11, "fields": {"genre_name": "\u3059\u304d\u713c\u304d", "created_at": "2019-10-22T12:36:51.016Z", "updated_at": "2019-10-22T12:36:51.016Z"}}, {"model": "rest.genre", "pk": 12, "fields": {"genre_name": "\u3057\u3083\u3076\u3057\u3083\u3076", "created_at": "2019-10-22T12:36:51.017Z", "updated_at": "2019-10-22T12:36:51.017Z"}}, {"model": "rest.genre", "pk": 13, "fields": {"genre_name": "\u304a\u597d\u307f\u713c\u304d", "created_at": "2019-10-22T12:36:51.019Z", "updated_at": "2019-10-22T12:36:51.019Z"}}, {"model": "rest.genre", "pk": 14, "fields": {"genre_name": "\u90f7\u571f\u6599\u7406", "created_at": "2019-10-22T12:36:51.020Z", "updated_at": "2019-10-22T12:36:51.020Z"}}, {"model": "rest.genre", "pk": 15, "fields": {"genre_name": "\u4e3c\u7269", "created_at": "2019-10-22T12:36:51.021Z", "updated_at": "2019-10-22T12:36:51.021Z"}}, {"model": "rest.genre", "pk": 16, "fields": {"genre_name": "\u3082\u3064\u934b", "created_at": "2019-10-22T12:36:51.022Z", "updated_at": "2019-10-22T12:36:51.022Z"}}, {"model": "rest.genre", "pk": 17, "fields": {"genre_name": "\u30b9\u30c6\u30fc\u30ad\u30fb\u30cf\u30f3\u30d0\u30fc\u30b0", "created_at": "2019-10-22T12:36:51.025Z", "updated_at": "2019-10-22T12:36:51.025Z"}}, {"model": "rest.genre", "pk": 18, "fields": {"genre_name": "\u6d0b\u98df", "created_at": "2019-10-22T12:36:51.026Z", "updated_at": "2019-10-22T12:36:51.026Z"}}, {"model": "rest.genre", "pk": 19, "fields": {"genre_name": "\u30d5\u30ec\u30f3\u30c1", "created_at": "2019-10-22T12:36:51.027Z", "updated_at": "2019-10-22T12:36:51.027Z"}}, {"model": "rest.genre", "pk": 20, "fields": {"genre_name": "\u30b9\u30da\u30a4\u30f3\u6599\u7406", "created_at": "2019-10-22T12:36:51.028Z", "updated_at": "2019-10-22T12:36:51.028Z"}}, {"model": "rest.genre", "pk": 21, "fields": {"genre_name": "\u4e2d\u83ef\u6599\u7406", "created_at": "2019-10-22T12:36:51.030Z", "updated_at": "2019-10-22T12:36:51.030Z"}}, {"model": "rest.genre", "pk": 22, "fields": {"genre_name": "\u30bf\u30a4\u6599\u7406", "created_at": "2019-10-22T12:36:51.031Z", "updated_at": "2019-10-22T12:36:51.031Z"}}, {"model": "rest.genre", "pk": 23, "fields": {"genre_name": "\u30e9\u30fc\u30e1\u30f3", "created_at": "2019-10-22T12:36:51.032Z", "updated_at": "2019-10-22T12:36:51.032Z"}}, {"model": "rest.genre", "pk": 24, "fields": {"genre_name": "\u30ab\u30ec\u30fc", "created_at": "2019-10-22T12:36:51.033Z", "updated_at": "2019-10-22T12:36:51.033Z"}}, {"model": "rest.genre", "pk": 25, "fields": {"genre_name": "\u713c\u8089", "created_at": "2019-10-22T12:36:51.035Z", "updated_at": "2019-10-22T12:36:51.035Z"}}, {"model": "rest.genre", "pk": 26, "fields": {"genre_name": "\u30b8\u30f3\u30ae\u30b9\u30ab\u30f3", "created_at": "2019-10-22T12:36:51.036Z", "updated_at": "2019-10-22T12:36:51.036Z"}}, {"model": "rest.genre", "pk": 27, "fields": {"genre_name": "\u6c34\u708a\u304d", "created_at": "2019-10-22T12:36:51.037Z", "updated_at": "2019-10-22T12:36:51.037Z"}}, {"model": "rest.genre", "pk": 28, "fields": {"genre_name": "\u5c45\u9152\u5c4b", "created_at": "2019-10-22T12:36:51.038Z", "updated_at": "2019-10-22T12:36:51.038Z"}}, {"model": "rest.genre", "pk": 29, "fields": {"genre_name": "\u5275\u4f5c\u6599\u7406", "created_at": "2019-10-22T12:36:51.040Z", "updated_at": "2019-10-22T12:36:51.040Z"}}, {"model": "rest.genre", "pk": 30, "fields": {"genre_name": "\u5b9a\u98df\u30fb\u98df\u5802", "created_at": "2019-10-22T12:36:51.041Z", "updated_at": "2019-10-22T12:36:51.041Z"}}, {"model": "rest.genre", "pk": 31, "fields": {"genre_name": "\u30ab\u30d5\u30a7", "created_at": "2019-10-22T12:36:51.042Z", "updated_at": "2019-10-22T12:36:51.042Z"}}, {"model": "rest.genre", "pk": 32, "fields": {"genre_name": "\u713c\u304d\u9ce5", "created_at": "2019-10-22T12:36:51.044Z", "updated_at": "2019-10-22T12:36:51.044Z"}}, {"model": "rest.area", "pk": 1, "fields": {"area_name": "\u535a\u591a", "created_at": "2019-10-22T12:36:50.960Z", "updated_at": "2019-10-22T12:36:50.960Z"}}, {"model": "rest.area", "pk": 2, "fields": {"area_name": "\u5929\u795e", "created_at": "2019-10-22T12:36:50.973Z", "updated_at": "2019-10-22T12:36:50.973Z"}}, {"model": "rest.area", "pk": 3, "fields": {"area_name": "\u8d64\u5742", "created_at": "2019-10-22T12:36:50.974Z", "updated_at": "2019-10-22T12:36:50.974Z"}}, {"model": "rest.area", "pk": 4, "fields": {"area_name": "\u4e2d\u6d32\u5ddd\u7aef", "created_at": "2019-10-22T12:36:50.975Z", "updated_at": "2019-10-22T12:36:50.975Z"}}, {"model": "rest.area", "pk": 5, "fields": {"area_name": "\u5510\u4eba\u753a", "created_at": "2019-10-22T12:36:50.976Z", "updated_at": "2019-10-22T12:36:50.976Z"}}, {"model": "rest.area", "pk": 6, "fields": {"area_name": "\u5927\u6fe0\u516c\u5712", "created_at": "2019-10-22T12:36:50.977Z", "updated_at": "2019-10-22T12:36:50.977Z"}}, {"model": "rest.area", "pk": 7, "fields": {"area_name": "\u897f\u65b0", "created_at": "2019-10-22T12:36:50.978Z", "updated_at": "2019-10-22T12:36:50.978Z"}}, {"model": "rest.area", "pk": 8, "fields": {"area_name": "\u85e4\u5d0e", "created_at": "2019-10-22T12:36:50.979Z", "updated_at": "2019-10-22T12:36:50.979Z"}}, {"model": "rest.area", "pk": 9, "fields": {"area_name": "\u59ea\u6d5c", "created_at": "2019-10-22T12:36:50.980Z", "updated_at": "2019-10-22T12:36:50.980Z"}}, {"model": "rest.area", "pk": 10, "fields": {"area_name": "\u4e5d\u5927\u5b66\u7814\u90fd\u5e02", "created_at": "2019-10-22T12:36:50.981Z", "updated_at": "2019-10-22T12:36:50.981Z"}}, {"model": "rest.area", "pk": 11, "fields": {"area_name": "\u5468\u8239\u5bfa", "created_at": "2019-10-22T12:36:50.982Z", "updated_at": "2019-10-22T12:36:50.982Z"}}, {"model": "rest.area", "pk": 12, "fields": {"area_name": "\u5927\u6a4b", "created_at": "2019-10-22T12:36:50.983Z", "updated_at": "2019-10-22T12:36:50.983Z"}}, {"model": "rest.spot", "pk": 1, "fields": {"spot_name": "\u30ac\u30e0\u30e9\u30f3\u30c7\u30a3\u30fc", "area": 2, "genre": 22, "evaluated_score": 3.000040172157021, "latitude": null, "longitude": null, "link": null, "created_at": "2019-10-22T12:21:34.054Z", "updated_at": "2019-10-22T12:21:34.054Z"}}, {"model": "rest.spot", "pk": 2, "fields": {"spot_name": "\u6696\u66ae\u897f\u65b0\u5e97", "area": 7, "genre": 23, "evaluated_score": 2.9999832094402104, "latitude": null, "longitude": null, "link": null, "created_at": "2019-10-22T12:24:17.024Z", "updated_at": "2019-10-22T12:24:17.024Z"}}, {"model": "rest.spot", "pk": 3, "fields": {"spot_name": "\u8cc7\u3055\u3093\u3046\u3069\u3093\u4f0a\u90fd\u5e97", "area": 10, "genre": 8, "evaluated_score": 3.000040172157021, "latitude": null, "longitude": null, "link": null, "created_at": "2019-10-22T12:29:35.467Z", "updated_at": "2019-10-22T12:29:35.467Z"}}, {"model": "rest.spot", "pk": 4, "fields": {"spot_name": "\u30e9\u30fc\u30e1\u30f3\u5927\u5409", "area": 10, "genre": 23, "evaluated_score": 3.0000286423910425, "latitude": null, "longitude": null, "link": null, "created_at": "2019-10-22T12:29:55.838Z", "updated_at": "2019-10-22T12:29:55.838Z"}}, {"model": "rest.spot", "pk": 5, "fields": {"spot_name": "\u3042\u3089\u3093\u3069\u308d\u3093", "area": 2, "genre": 3, "evaluated_score": 3.0000388267576783, "latitude": null, "longitude": null, "link": null, "created_at": "2019-10-22T12:30:39.564Z", "updated_at": "2019-10-22T12:30:39.564Z"}}, {"model": "rest.spot", "pk": 6, "fields": {"spot_name": "\u4e00\u85e4\u5929\u795e\u5e97", "area": 2, "genre": 16, "evaluated_score": 3.0000849458215906, "latitude": null, "longitude": null, "link": null, "created_at": "2019-10-22T12:30:56.539Z", "updated_at": "2019-10-22T12:30:56.539Z"}}, {"model": "rest.spot", "pk": 7, "fields": {"spot_name": "\u3084\u307e\u4e2d\u672c\u5e97", "area": 12, "genre": 16, "evaluated_score": 2.999894321397334, "latitude": null, "longitude": null, "link": null, "created_at": "2019-10-22T12:34:39.422Z", "updated_at": "2019-10-22T12:34:39.422Z"}}, {"model": "rest.spot", "pk": 8, "fields": {"spot_name": "TORIBUDOU", "area": 2, "genre": 32, "evaluated_score": 2.999889709490943, "latitude": null, "longitude": null, "link": null, "created_at": "2019-10-22T12:37:18.498Z", "updated_at": "2019-10-22T12:37:18.498Z"}}, {"model": "rest.situation", "pk": 1, "fields": {"situation_name": "\u53cb\u4eba", "created_at": "2019-10-22T12:36:50.984Z", "updated_at": "2019-10-22T12:36:50.984Z"}}, {"model": "rest.situation", "pk": 2, "fields": {"situation_name": "\u30c7\u30fc\u30c8", "created_at": "2019-10-22T12:36:50.992Z", "updated_at": "2019-10-22T12:36:50.992Z"}}, {"model": "rest.situation", "pk": 3, "fields": {"situation_name": "\u5bb6\u65cf", "created_at": "2019-10-22T12:36:50.993Z", "updated_at": "2019-10-22T12:36:50.993Z"}}, {"model": "rest.situation", "pk": 4, "fields": {"situation_name": "\u63a5\u5f85", "created_at": "2019-10-22T12:36:50.994Z", "updated_at": "2019-10-22T12:36:50.994Z"}}, {"model": "rest.situation", "pk": 5, "fields": {"situation_name": "\u5408\u30b3\u30f3", "created_at": "2019-10-22T12:36:50.995Z", "updated_at": "2019-10-22T12:36:50.995Z"}}, {"model": "rest.situation", "pk": 6, "fields": {"situation_name": "\u5927\u4eba\u6570\u30fb\u5bb4\u4f1a", "created_at": "2019-10-22T12:36:50.996Z", "updated_at": "2019-10-22T12:36:50.996Z"}}, {"model": "rest.kuchikomi", "pk": 1, "fields": {"account": "d915b900-da93-4268-a921-5b687ebd5c55", "spot": 1, "situation": 2, "price": 3000.0, "score": 4.5, "comment": "\u30c8\u30e0\u30ab\u30fc\u30ac\u30a4\uff08\u30b3\u30b3\u30ca\u30c3\u30c4\u306e\u30b9\u30fc\u30d7\uff09\u304c\u7f8e\u5473\u3057\u3044\u306e\u3067\u3001\u983c\u3093\u3067\u307f\u3066\u6b32\u3057\u3044\u3002", "deviation": null, "created_at": "2019-10-22T12:40:54.459Z", "updated_at": "2019-10-22T12:40:54.459Z"}}, {"model": "rest.kuchikomi", "pk": 2, "fields": {"account": "d915b900-da93-4268-a921-5b687ebd5c55", "spot": 3, "situation": 1, "price": 500.0, "score": 4.5, "comment": "\u4e38\u5929\u3046\u3069\u3093\u306b\u3068\u308d\u308d\u6606\u5e03\u3092\u4e57\u305b\u308b\u3068\u3046\u307e\u3059\u304e\u308b\u3002", "deviation": null, "created_at": "2019-10-22T12:45:25.491Z", "updated_at": "2019-10-22T12:45:25.491Z"}}, {"model": "rest.kuchikomi", "pk": 3, "fields": {"account": "d915b900-da93-4268-a921-5b687ebd5c55", "spot": 4, "situation": 1, "price": 700.0, "score": 4.0, "comment": "\u4e5d\u5927\u5468\u308a\u306e\u30e9\u30fc\u30e1\u30f3\u3067\u306f\u4e00\u756a\u7f8e\u5473\u3057\u3044\u3068\u601d\u3046\u3002", "deviation": null, "created_at": "2019-10-22T12:47:43.882Z", "updated_at": "2019-10-22T12:47:43.882Z"}}, {"model": "rest.kuchikomi", "pk": 4, "fields": {"account": "d915b900-da93-4268-a921-5b687ebd5c55", "spot": 5, "situation": 1, "price": 4000.0, "score": 2.5, "comment": "\u300c\u535a\u591a\u3067\u4e00\u756a\u3046\u307e\u3044\u9b5a\u3092\u98df\u308f\u3059\u5e97\u300d\u3068\u3042\u308b\u304c\u8a00\u3044\u904e\u304e\u3002\u63a5\u5ba2\u3082\u3088\u304f\u306a\u3044\u3002", "deviation": null, "created_at": "2019-10-22T12:48:26.710Z", "updated_at": "2019-10-22T12:48:26.710Z"}}, {"model": "rest.kuchikomi", "pk": 5, "fields": {"account": "d915b900-da93-4268-a921-5b687ebd5c55", "spot": 6, "situation": 1, "price": 4000.0, "score": 4.5, "comment": "\u798f\u5ca1\u306e\u3082\u3064\u934b\u306f\u300c\u4e00\u85e4\u300d\u304b\u300c\u3084\u307e\u4e2d\u300d\u3089\u3057\u3044\u304c\u3001\u591a\u5206\u4e00\u85e4\u306e\u65b9\u304c\u7f8e\u5473\u3057\u3044\u3002", "deviation": null, "created_at": "2019-10-22T12:49:12.855Z", "updated_at": "2019-10-22T12:49:12.855Z"}}, {"model": "rest.kuchikomi", "pk": 6, "fields": {"account": "d915b900-da93-4268-a921-5b687ebd5c55", "spot": 7, "situation": 3, "price": 4000.0, "score": 4.0, "comment": "\u5e97\u304c\u7dba\u9e97\u3067\u5bb6\u65cf\u3092\u9023\u308c\u3066\u3044\u304f\u3068\u3059\u3054\u304f\u559c\u3070\u308c\u308b\u3002\u5473\u3082\u7f8e\u5473\u3057\u3044\u3002", "deviation": null, "created_at": "2019-10-22T12:49:42.789Z", "updated_at": "2019-10-22T12:49:42.789Z"}}, {"model": "rest.kuchikomi", "pk": 7, "fields": {"account": "d915b900-da93-4268-a921-5b687ebd5c55", "spot": 8, "situation": 2, "price": 4000.0, "score": 3.8, "comment": "\u9650\u5b9a\u306e\u767d\u30ec\u30d0\u30fc\u306f\u304b\u306a\u308a\u7f8e\u5473\u3057\u3044\u3002", "deviation": null, "created_at": "2019-10-22T12:50:04.333Z", "updated_at": "2019-10-22T12:50:04.333Z"}}, {"model": "rest.kuchikomi", "pk": 8, "fields": {"account": "aa506bc9-4b4e-4b3a-a70f-0a9e6377b912", "spot": 1, "situation": 1, "price": 3400.0, "score": 3.8, "comment": "test01", "deviation": null, "created_at": "2019-10-22T13:18:02.845Z", "updated_at": "2019-10-22T13:18:02.846Z"}}, {"model": "rest.kuchikomi", "pk": 9, "fields": {"account": "aa506bc9-4b4e-4b3a-a70f-0a9e6377b912", "spot": 2, "situation": 1, "price": 800.0, "score": 2.6, "comment": "test01", "deviation": null, "created_at": "2019-10-22T13:18:19.592Z", "updated_at": "2019-10-22T13:18:19.592Z"}}, {"model": "rest.kuchikomi", "pk": 10, "fields": {"account": "aa506bc9-4b4e-4b3a-a70f-0a9e6377b912", "spot": 3, "situation": 1, "price": 800.0, "score": 3.5, "comment": "test", "deviation": null, "created_at": "2019-10-22T13:18:28.660Z", "updated_at": "2019-10-22T13:18:28.660Z"}}, {"model": "rest.kuchikomi", "pk": 11, "fields": {"account": "aa506bc9-4b4e-4b3a-a70f-0a9e6377b912", "spot": 4, "situation": 1, "price": 800.0, "score": 4.1, "comment": "test01", "deviation": null, "created_at": "2019-10-22T13:18:37.607Z", "updated_at": "2019-10-22T13:18:37.607Z"}}, {"model": "rest.kuchikomi", "pk": 12, "fields": {"account": "aa506bc9-4b4e-4b3a-a70f-0a9e6377b912", "spot": 5, "situation": 2, "price": 3000.0, "score": 3.2, "comment": "test01", "deviation": null, "created_at": "2019-10-22T13:18:52.188Z", "updated_at": "2019-10-22T13:18:52.188Z"}}, {"model": "rest.kuchikomi", "pk": 13, "fields": {"account": "aa506bc9-4b4e-4b3a-a70f-0a9e6377b912", "spot": 6, "situation": 2, "price": 4300.0, "score": 3.6, "comment": "test", "deviation": null, "created_at": "2019-10-22T13:19:21.857Z", "updated_at": "2019-10-22T13:19:21.857Z"}}, {"model": "rest.kuchikomi", "pk": 14, "fields": {"account": "aa506bc9-4b4e-4b3a-a70f-0a9e6377b912", "spot": 7, "situation": 2, "price": 4300.0, "score": 4.2, "comment": "test01", "deviation": null, "created_at": "2019-10-22T13:19:31.291Z", "updated_at": "2019-10-22T13:19:31.291Z"}}, {"model": "rest.kuchikomi", "pk": 15, "fields": {"account": "aa506bc9-4b4e-4b3a-a70f-0a9e6377b912", "spot": 8, "situation": 2, "price": 4300.0, "score": 3.2, "comment": "test", "deviation": null, "created_at": "2019-10-22T13:19:40.682Z", "updated_at": "2019-10-22T13:19:40.682Z"}}, {"model": "rest.kuchikomi", "pk": 16, "fields": {"account": "ff0fd3c0-2f5c-430a-8116-17df300b4422", "spot": 1, "situation": 2, "price": 2000.0, "score": 4.2, "comment": "test02", "deviation": null, "created_at": "2019-10-22T13:21:02.213Z", "updated_at": "2019-10-22T13:21:02.213Z"}}, {"model": "rest.kuchikomi", "pk": 17, "fields": {"account": "ff0fd3c0-2f5c-430a-8116-17df300b4422", "spot": 2, "situation": 2, "price": 2000.0, "score": 1.5, "comment": "test02", "deviation": null, "created_at": "2019-10-22T13:21:08.561Z", "updated_at": "2019-10-22T13:21:08.561Z"}}, {"model": "rest.kuchikomi", "pk": 18, "fields": {"account": "ff0fd3c0-2f5c-430a-8116-17df300b4422", "spot": 3, "situation": 2, "price": 2000.0, "score": 2.4, "comment": "test02", "deviation": null, "created_at": "2019-10-22T13:21:12.351Z", "updated_at": "2019-10-22T13:21:12.351Z"}}, {"model": "rest.kuchikomi", "pk": 19, "fields": {"account": "ff0fd3c0-2f5c-430a-8116-17df300b4422", "spot": 4, "situation": 2, "price": 2000.0, "score": 3.4, "comment": "test02", "deviation": null, "created_at": "2019-10-22T13:21:15.946Z", "updated_at": "2019-10-22T13:21:15.946Z"}}, {"model": "rest.kuchikomi", "pk": 20, "fields": {"account": "ff0fd3c0-2f5c-430a-8116-17df300b4422", "spot": 5, "situation": 2, "price": 2000.0, "score": 1.7, "comment": "test02", "deviation": null, "created_at": "2019-10-22T13:21:19.876Z", "updated_at": "2019-10-22T13:21:19.876Z"}}, {"model": "rest.kuchikomi", "pk": 21, "fields": {"account": "ff0fd3c0-2f5c-430a-8116-17df300b4422", "spot": 6, "situation": 2, "price": 2000.0, "score": 4.4, "comment": "test02", "deviation": null, "created_at": "2019-10-22T13:21:23.468Z", "updated_at": "2019-10-22T13:21:23.468Z"}}, {"model": "rest.kuchikomi", "pk": 22, "fields": {"account": "ff0fd3c0-2f5c-430a-8116-17df300b4422", "spot": 7, "situation": 2, "price": 2000.0, "score": 3.6, "comment": "test02", "deviation": null, "created_at": "2019-10-22T13:21:27.796Z", "updated_at": "2019-10-22T13:21:27.796Z"}}, {"model": "rest.kuchikomi", "pk": 23, "fields": {"account": "ff0fd3c0-2f5c-430a-8116-17df300b4422", "spot": 8, "situation": 2, "price": 2000.0, "score": 4.1, "comment": "test02", "deviation": null, "created_at": "2019-10-22T13:21:31.445Z", "updated_at": "2019-10-22T13:21:31.445Z"}}, {"model": "auth.permission", "pk": 1, "fields": {"name": "Can add log entry", "content_type": 1, "codename": "add_logentry"}}, {"model": "auth.permission", "pk": 2, "fields": {"name": "Can change log entry", "content_type": 1, "codename": "change_logentry"}}, {"model": "auth.permission", "pk": 3, "fields": {"name": "Can delete log entry", "content_type": 1, "codename": "delete_logentry"}}, {"model": "auth.permission", "pk": 4, "fields": {"name": "Can view log entry", "content_type": 1, "codename": "view_logentry"}}, {"model": "auth.permission", "pk": 5, "fields": {"name": "Can add permission", "content_type": 2, "codename": "add_permission"}}, {"model": "auth.permission", "pk": 6, "fields": {"name": "Can change permission", "content_type": 2, "codename": "change_permission"}}, {"model": "auth.permission", "pk": 7, "fields": {"name": "Can delete permission", "content_type": 2, "codename": "delete_permission"}}, {"model": "auth.permission", "pk": 8, "fields": {"name": "Can view permission", "content_type": 2, "codename": "view_permission"}}, {"model": "auth.permission", "pk": 9, "fields": {"name": "Can add group", "content_type": 3, "codename": "add_group"}}, {"model": "auth.permission", "pk": 10, "fields": {"name": "Can change group", "content_type": 3, "codename": "change_group"}}, {"model": "auth.permission", "pk": 11, "fields": {"name": "Can delete group", "content_type": 3, "codename": "delete_group"}}, {"model": "auth.permission", "pk": 12, "fields": {"name": "Can view group", "content_type": 3, "codename": "view_group"}}, {"model": "auth.permission", "pk": 13, "fields": {"name": "Can add content type", "content_type": 4, "codename": "add_contenttype"}}, {"model": "auth.permission", "pk": 14, "fields": {"name": "Can change content type", "content_type": 4, "codename": "change_contenttype"}}, {"model": "auth.permission", "pk": 15, "fields": {"name": "Can delete content type", "content_type": 4, "codename": "delete_contenttype"}}, {"model": "auth.permission", "pk": 16, "fields": {"name": "Can view content type", "content_type": 4, "codename": "view_contenttype"}}, {"model": "auth.permission", "pk": 17, "fields": {"name": "Can add session", "content_type": 5, "codename": "add_session"}}, {"model": "auth.permission", "pk": 18, "fields": {"name": "Can change session", "content_type": 5, "codename": "change_session"}}, {"model": "auth.permission", "pk": 19, "fields": {"name": "Can delete session", "content_type": 5, "codename": "delete_session"}}, {"model": "auth.permission", "pk": 20, "fields": {"name": "Can view session", "content_type": 5, "codename": "view_session"}}, {"model": "auth.permission", "pk": 21, "fields": {"name": "Can add account", "content_type": 6, "codename": "add_account"}}, {"model": "auth.permission", "pk": 22, "fields": {"name": "Can change account", "content_type": 6, "codename": "change_account"}}, {"model": "auth.permission", "pk": 23, "fields": {"name": "Can delete account", "content_type": 6, "codename": "delete_account"}}, {"model": "auth.permission", "pk": 24, "fields": {"name": "Can view account", "content_type": 6, "codename": "view_account"}}, {"model": "auth.permission", "pk": 25, "fields": {"name": "Can add area", "content_type": 7, "codename": "add_area"}}, {"model": "auth.permission", "pk": 26, "fields": {"name": "Can change area", "content_type": 7, "codename": "change_area"}}, {"model": "auth.permission", "pk": 27, "fields": {"name": "Can delete area", "content_type": 7, "codename": "delete_area"}}, {"model": "auth.permission", "pk": 28, "fields": {"name": "Can view area", "content_type": 7, "codename": "view_area"}}, {"model": "auth.permission", "pk": 29, "fields": {"name": "Can add genre", "content_type": 8, "codename": "add_genre"}}, {"model": "auth.permission", "pk": 30, "fields": {"name": "Can change genre", "content_type": 8, "codename": "change_genre"}}, {"model": "auth.permission", "pk": 31, "fields": {"name": "Can delete genre", "content_type": 8, "codename": "delete_genre"}}, {"model": "auth.permission", "pk": 32, "fields": {"name": "Can view genre", "content_type": 8, "codename": "view_genre"}}, {"model": "auth.permission", "pk": 33, "fields": {"name": "Can add situation", "content_type": 9, "codename": "add_situation"}}, {"model": "auth.permission", "pk": 34, "fields": {"name": "Can change situation", "content_type": 9, "codename": "change_situation"}}, {"model": "auth.permission", "pk": 35, "fields": {"name": "Can delete situation", "content_type": 9, "codename": "delete_situation"}}, {"model": "auth.permission", "pk": 36, "fields": {"name": "Can view situation", "content_type": 9, "codename": "view_situation"}}, {"model": "auth.permission", "pk": 37, "fields": {"name": "Can add spot", "content_type": 10, "codename": "add_spot"}}, {"model": "auth.permission", "pk": 38, "fields": {"name": "Can change spot", "content_type": 10, "codename": "change_spot"}}, {"model": "auth.permission", "pk": 39, "fields": {"name": "Can delete spot", "content_type": 10, "codename": "delete_spot"}}, {"model": "auth.permission", "pk": 40, "fields": {"name": "Can view spot", "content_type": 10, "codename": "view_spot"}}, {"model": "auth.permission", "pk": 41, "fields": {"name": "Can add kuchikomi", "content_type": 11, "codename": "add_kuchikomi"}}, {"model": "auth.permission", "pk": 42, "fields": {"name": "Can change kuchikomi", "content_type": 11, "codename": "change_kuchikomi"}}, {"model": "auth.permission", "pk": 43, "fields": {"name": "Can delete kuchikomi", "content_type": 11, "codename": "delete_kuchikomi"}}, {"model": "auth.permission", "pk": 44, "fields": {"name": "Can view kuchikomi", "content_type": 11, "codename": "view_kuchikomi"}}]