[{"model": "rest.account", "pk": "50f9c3ce-56b2-4f71-9bdd-2da371313cdb", "fields": {"password": "pbkdf2_sha256$150000$SeVURaBGVR2D$uMdlNItIKX3ifg/aReNSj8jsPCVhzkSWLBRgpMBv5SA=", "last_login": "2019-10-26T13:14:57.808Z", "username": "test03", "email": "test03@e.com", "inyou": 79.0, "oshare": 78.0, "shokuji": 29.0, "setsuyaku": 16.0, "bias": 0.0, "variance": 0.0, "evals": 0.0, "is_active": true, "is_staff": false, "is_admin": false, "date_joined": "2019-10-26T13:14:57.808Z"}}, {"model": "rest.account", "pk": "6af660ed-1db6-47d6-b872-55ab92a468af", "fields": {"password": "pbkdf2_sha256$150000$5Qrk8trmAIV5$hfycDfyh0mmJu81QPd9afJHbBvowJqsqOdV+2L6x85o=", "last_login": "2019-10-27T06:11:28.758Z", "username": "test05", "email": "test05@e.com", "inyou": 18.0, "oshare": 15.0, "shokuji": 90.0, "setsuyaku": 75.0, "bias": 0.20324638858772692, "variance": 0.25247393272216573, "evals": 0.0, "is_active": true, "is_staff": false, "is_admin": false, "date_joined": "2019-10-27T06:11:28.758Z"}}, {"model": "rest.account", "pk": "aa506bc9-4b4e-4b3a-a70f-0a9e6377b912", "fields": {"password": "pbkdf2_sha256$150000$3V6Rw2UfvCWn$bfdrBUrqTAsriHMCwa555LIjs48I1PQxVAKhEEetPHU=", "last_login": "2019-10-22T08:15:15.651Z", "username": "test01", "email": "test01@e.com", "inyou": 50.0, "oshare": 68.0, "shokuji": 25.0, "setsuyaku": 50.0, "bias": 0.553246388587727, "variance": 1e-05, "evals": 0.0, "is_active": true, "is_staff": false, "is_admin": false, "date_joined": "2019-10-22T08:15:15.651Z"}}, {"model": "rest.account", "pk": "ca057d6c-40e8-4d80-a362-eda14685bcfe", "fields": {"password": "pbkdf2_sha256$150000$3bPMTh9cVi1t$eNw4Q1FkKprXYdwH2wGS9QmXxWgnk/Z0OBehjhKDo7Q=", "last_login": "2019-10-26T13:24:19.099Z", "username": "test04", "email": "test04@e.com", "inyou": 68.0, "oshare": 23.0, "shokuji": 76.0, "setsuyaku": 86.0, "bias": 0.0, "variance": 0.0, "evals": 0.0, "is_active": true, "is_staff": false, "is_admin": false, "date_joined": "2019-10-26T13:24:19.099Z"}}, {"model": "rest.account", "pk": "d915b900-da93-4268-a921-5b687ebd5c55", "fields": {"password": "pbkdf2_sha256$150000$PnyftnSUm12e$XEvh3ZvHHYKcMhgGHVXNpWm+e18CrmQmGDo86xSaWq4=", "last_login": "2019-10-22T12:16:32.412Z", "username": "tomoya", "email": "tomoya@e.com", "inyou": 50.0, "oshare": 50.0, "shokuji": 50.0, "setsuyaku": 50.0, "bias": 0.8675262714548629, "variance": 0.3583306454545765, "evals": 0.0, "is_active": true, "is_staff": false, "is_admin": false, "date_joined": "2019-10-22T12:16:32.412Z"}}, {"model": "rest.account", "pk": "ee762f0f-40da-470c-a8a5-ee8bd4727a46", "fields": {"password": "pbkdf2_sha256$150000$mPSppApfb9F9$lO1PblfAvgq4nmy/Eo5slER7bNzgd0/kz3XkCwfk0Ds=", "last_login": "2019-10-27T06:46:25.091Z", "username": "test06", "email": "test06@e.com", "inyou": 93.0, "oshare": 91.0, "shokuji": 22.0, "setsuyaku": 34.0, "bias": 0.34074638858772693, "variance": 0.4410820308082097, "evals": 0.0, "is_active": true, "is_staff": false, "is_admin": false, "date_joined": "2019-10-27T06:46:25.091Z"}}, {"model": "rest.account", "pk": "ff0fd3c0-2f5c-430a-8116-17df300b4422", "fields": {"password": "pbkdf2_sha256$150000$K1vU5Kas2j8x$BSxIV8/iO3Iy2isRIZz0PgZz3vxsnUzAZ5WqiMNmX2s=", "last_login": "2019-10-22T13:20:03.887Z", "username": "test02", "email": "test02@e.com", "inyou": 12.0, "oshare": 91.0, "shokuji": 69.0, "setsuyaku": 81.0, "bias": 0.190746388587727, "variance": 0.7597834188285159, "evals": 0.0, "is_active": true, "is_staff": false, "is_admin": false, "date_joined": "2019-10-22T13:20:03.887Z"}}, {"model": "rest.genre", "pk": 1, "fields": {"genre_name": "\u5272\u70f9\u30fb\u61d0\u77f3", "created_at": "2019-10-22T12:36:50.997Z", "updated_at": "2019-10-22T12:36:50.997Z"}}, {"model": "rest.genre", "pk": 2, "fields": {"genre_name": "\u5bff\u53f8", "created_at": "2019-10-22T12:36:51.005Z", "updated_at": "2019-10-22T12:36:51.005Z"}}, {"model": "rest.genre", "pk": 3, "fields": {"genre_name": "\u9b5a\u4ecb\u6599\u7406\u30fb\u6d77\u9bae\u6599\u7406", "created_at": "2019-10-22T12:36:51.006Z", "updated_at": "2019-10-22T12:36:51.006Z"}}, {"model": "rest.genre", "pk": 4, "fields": {"genre_name": "\u5929\u3077\u3089", "created_at": "2019-10-22T12:36:51.007Z", "updated_at": "2019-10-22T12:36:51.007Z"}}, {"model": "rest.genre", "pk": 5, "fields": {"genre_name": "\u3068\u3093\u304b\u3064", "created_at": "2019-10-22T12:36:51.008Z", "updated_at": "2019-10-22T12:36:51.008Z"}}, {"model": "rest.genre", "pk": 6, "fields": {"genre_name": "\u4e32\u63da\u3052\u30fb\u4e32\u30ab\u30c4", "created_at": "2019-10-22T12:36:51.010Z", "updated_at": "2019-10-22T12:36:51.010Z"}}, {"model": "rest.genre", "pk": 7, "fields": {"genre_name": "\u305d\u3070", "created_at": "2019-10-22T12:36:51.011Z", "updated_at": "2019-10-22T12:36:51.011Z"}}, {"model": "rest.genre", "pk": 8, "fields": {"genre_name": "\u3046\u3069\u3093", "created_at": "2019-10-22T12:36:51.012Z", "updated_at": "2019-10-22T12:36:51.012Z"}}, {"model": "rest.genre", "pk": 9, "fields": {"genre_name": "\u713c\u304d\u305d\u3070", "created_at": "2019-10-22T12:36:51.014Z", "updated_at": "2019-10-22T12:36:51.014Z"}}, {"model": "rest.genre", "pk": 10, "fields": {"genre_name": "\u3046\u306a\u304e", "created_at": "2019-10-22T12:36:51.015Z", "updated_at": "2019-10-22T12:36:51.015Z"}}, {"model": "rest.genre", "pk": 11, "fields": {"genre_name": "\u3059\u304d\u713c\u304d", "created_at": "2019-10-22T12:36:51.016Z", "updated_at": "2019-10-22T12:36:51.016Z"}}, {"model": "rest.genre", "pk": 12, "fields": {"genre_name": "\u3057\u3083\u3076\u3057\u3083\u3076", "created_at": "2019-10-22T12:36:51.017Z", "updated_at": "2019-10-22T12:36:51.017Z"}}, {"model": "rest.genre", "pk": 13, "fields": {"genre_name": "\u304a\u597d\u307f\u713c\u304d", "created_at": "2019-10-22T12:36:51.019Z", "updated_at": "2019-10-22T12:36:51.019Z"}}, {"model": "rest.genre", "pk": 14, "fields": {"genre_name": "\u90f7\u571f\u6599\u7406", "created_at": "2019-10-22T12:36:51.020Z", "updated_at": "2019-10-22T12:36:51.020Z"}}, {"model": "rest.genre", "pk": 15, "fields": {"genre_name": "\u4e3c\u7269", "created_at": "2019-10-22T12:36:51.021Z", "updated_at": "2019-10-22T12:36:51.021Z"}}, {"model": "rest.genre", "pk": 16, "fields": {"genre_name": "\u3082\u3064\u934b", "created_at": "2019-10-22T12:36:51.022Z", "updated_at": "2019-10-22T12:36:51.022Z"}}, {"model": "rest.genre", "pk": 17, "fields": {"genre_name": "\u30b9\u30c6\u30fc\u30ad\u30fb\u30cf\u30f3\u30d0\u30fc\u30b0", "created_at": "2019-10-22T12:36:51.025Z", "updated_at": "2019-10-22T12:36:51.025Z"}}, {"model": "rest.genre", "pk": 18, "fields": {"genre_name": "\u6d0b\u98df", "created_at": "2019-10-22T12:36:51.026Z", "updated_at": "2019-10-22T12:36:51.026Z"}}, {"model": "rest.genre", "pk": 19, "fields": {"genre_name": "\u30d5\u30ec\u30f3\u30c1", "created_at": "2019-10-22T12:36:51.027Z", "updated_at": "2019-10-22T12:36:51.027Z"}}, {"model": "rest.genre", "pk": 20, "fields": {"genre_name": "\u30b9\u30da\u30a4\u30f3\u6599\u7406", "created_at": "2019-10-22T12:36:51.028Z", "updated_at": "2019-10-22T12:36:51.028Z"}}, {"model": "rest.genre", "pk": 21, "fields": {"genre_name": "\u4e2d\u83ef\u6599\u7406", "created_at": "2019-10-22T12:36:51.030Z", "updated_at": "2019-10-22T12:36:51.030Z"}}, {"model": "rest.genre", "pk": 22, "fields": {"genre_name": "\u30bf\u30a4\u6599\u7406", "created_at": "2019-10-22T12:36:51.031Z", "updated_at": "2019-10-22T12:36:51.031Z"}}, {"model": "rest.genre", "pk": 23, "fields": {"genre_name": "\u30e9\u30fc\u30e1\u30f3", "created_at": "2019-10-22T12:36:51.032Z", "updated_at": "2019-10-22T12:36:51.032Z"}}, {"model": "rest.genre", "pk": 24, "fields": {"genre_name": "\u30ab\u30ec\u30fc", "created_at": "2019-10-22T12:36:51.033Z", "updated_at": "2019-10-22T12:36:51.033Z"}}, {"model": "rest.genre", "pk": 25, "fields": {"genre_name": "\u713c\u8089", "created_at": "2019-10-22T12:36:51.035Z", "updated_at": "2019-10-22T12:36:51.035Z"}}, {"model": "rest.genre", "pk": 26, "fields": {"genre_name": "\u30b8\u30f3\u30ae\u30b9\u30ab\u30f3", "created_at": "2019-10-22T12:36:51.036Z", "updated_at": "2019-10-22T12:36:51.036Z"}}, {"model": "rest.genre", "pk": 27, "fields": {"genre_name": "\u6c34\u708a\u304d", "created_at": "2019-10-22T12:36:51.037Z", "updated_at": "2019-10-22T12:36:51.037Z"}}, {"model": "rest.genre", "pk": 28, "fields": {"genre_name": "\u5c45\u9152\u5c4b", "created_at": "2019-10-22T12:36:51.038Z", "updated_at": "2019-10-22T12:36:51.038Z"}}, {"model": "rest.genre", "pk": 29, "fields": {"genre_name": "\u5275\u4f5c\u6599\u7406", "created_at": "2019-10-22T12:36:51.040Z", "updated_at": "2019-10-22T12:36:51.040Z"}}, {"model": "rest.genre", "pk": 30, "fields": {"genre_name": "\u5b9a\u98df\u30fb\u98df\u5802", "created_at": "2019-10-22T12:36:51.041Z", "updated_at": "2019-10-22T12:36:51.041Z"}}, {"model": "rest.genre", "pk": 31, "fields": {"genre_name": "\u30ab\u30d5\u30a7", "created_at": "2019-10-22T12:36:51.042Z", "updated_at": "2019-10-22T12:36:51.042Z"}}, {"model": "rest.genre", "pk": 32, "fields": {"genre_name": "\u713c\u304d\u9ce5", "created_at": "2019-10-22T12:36:51.044Z", "updated_at": "2019-10-22T12:36:51.044Z"}}, {"model": "rest.area", "pk": 1, "fields": {"area_name": "\u535a\u591a", "created_at": "2019-10-22T12:36:50.960Z", "updated_at": "2019-10-22T12:36:50.960Z"}}, {"model": "rest.area", "pk": 2, "fields": {"area_name": "\u5929\u795e", "created_at": "2019-10-22T12:36:50.973Z", "updated_at": "2019-10-22T12:36:50.973Z"}}, {"model": "rest.area", "pk": 3, "fields": {"area_name": "\u8d64\u5742", "created_at": "2019-10-22T12:36:50.974Z", "updated_at": "2019-10-22T12:36:50.974Z"}}, {"model": "rest.area", "pk": 4, "fields": {"area_name": "\u4e2d\u6d32\u5ddd\u7aef", "created_at": "2019-10-22T12:36:50.975Z", "updated_at": "2019-10-22T12:36:50.975Z"}}, {"model": "rest.area", "pk": 5, "fields": {"area_name": "\u5510\u4eba\u753a", "created_at": "2019-10-22T12:36:50.976Z", "updated_at": "2019-10-22T12:36:50.976Z"}}, {"model": "rest.area", "pk": 6, "fields": {"area_name": "\u5927\u6fe0\u516c\u5712", "created_at": "2019-10-22T12:36:50.977Z", "updated_at": "2019-10-22T12:36:50.977Z"}}, {"model": "rest.area", "pk": 7, "fields": {"area_name": "\u897f\u65b0", "created_at": "2019-10-22T12:36:50.978Z", "updated_at": "2019-10-22T12:36:50.978Z"}}, {"model": "rest.area", "pk": 8, "fields": {"area_name": "\u85e4\u5d0e", "created_at": "2019-10-22T12:36:50.979Z", "updated_at": "2019-10-22T12:36:50.979Z"}}, {"model": "rest.area", "pk": 9, "fields": {"area_name": "\u59ea\u6d5c", "created_at": "2019-10-22T12:36:50.980Z", "updated_at": "2019-10-22T12:36:50.980Z"}}, {"model": "rest.area", "pk": 10, "fields": {"area_name": "\u4e5d\u5927\u5b66\u7814\u90fd\u5e02", "created_at": "2019-10-22T12:36:50.981Z", "updated_at": "2019-10-22T12:36:50.981Z"}}, {"model": "rest.area", "pk": 11, "fields": {"area_name": "\u5468\u8239\u5bfa", "created_at": "2019-10-22T12:36:50.982Z", "updated_at": "2019-10-22T12:36:50.982Z"}}, {"model": "rest.area", "pk": 12, "fields": {"area_name": "\u5927\u6a4b", "created_at": "2019-10-22T12:36:50.983Z", "updated_at": "2019-10-22T12:36:50.983Z"}}, {"model": "rest.spot", "pk": 1, "fields": {"spot_name": "\u30ac\u30e0\u30e9\u30f3\u30c7\u30a3\u30fc", "area": 2, "genre": 22, "evaluated_score": 3.246780633338769, "latitude": 33.58609, "longitude": 130.395541, "link": "https://tabelog.com/fukuoka/A4001/A400103/40001798/", "created_at": "2019-10-22T12:21:34.054Z", "updated_at": "2019-10-22T12:21:34.054Z"}}, {"model": "rest.spot", "pk": 2, "fields": {"spot_name": "\u30e9\u30fc\u30e1\u30f3\u6696\u66ae \u897f\u65b0\u5e97", "area": 7, "genre": 23, "evaluated_score": 2.046712791482224, "latitude": 33.583447, "longitude": 130.360954, "link": "https://tabelog.com/fukuoka/A4001/A400203/40003365/", "created_at": "2019-10-22T12:24:17.024Z", "updated_at": "2019-10-22T12:24:17.024Z"}}, {"model": "rest.spot", "pk": 3, "fields": {"spot_name": "\u8cc7\u3055\u3093\u3046\u3069\u3093\u4f0a\u90fd\u5e97", "area": 10, "genre": 8, "evaluated_score": 2.946756782733345, "latitude": 33.581197, "longitude": 130.258616, "link": "https://tabelog.com/fukuoka/A4001/A400203/40039777/", "created_at": "2019-10-22T12:29:35.467Z", "updated_at": "2019-10-22T12:29:35.467Z"}}, {"model": "rest.spot", "pk": 4, "fields": {"spot_name": "\u30e9\u30fc\u30e1\u30f3\u5927\u5409", "area": 10, "genre": 23, "evaluated_score": 3.5467347390709456, "latitude": 33.570141, "longitude": 130.256512, "link": "https://tabelog.com/fukuoka/A4001/A400203/40006174/", "created_at": "2019-10-22T12:29:55.838Z", "updated_at": "2019-10-22T12:29:55.838Z"}}, {"model": "rest.spot", "pk": 5, "fields": {"spot_name": "\u3042\u3089\u3093\u3069\u308d\u3093", "area": 2, "genre": 3, "evaluated_score": 2.6467148961368316, "latitude": 33.591518, "longitude": 130.396977, "link": "https://tabelog.com/fukuoka/A4001/A400103/40006784/", "created_at": "2019-10-22T12:30:39.564Z", "updated_at": "2019-10-22T12:30:39.564Z"}}, {"model": "rest.spot", "pk": 6, "fields": {"spot_name": "\u4e00\u85e4 \u4eca\u6cc9\u672c\u5e97", "area": 2, "genre": 16, "evaluated_score": 3.0468079201770157, "latitude": 33.585842, "longitude": 130.400158, "link": "https://tabelog.com/fukuoka/A4001/A400103/40006532/", "created_at": "2019-10-22T12:30:56.539Z", "updated_at": "2019-10-22T12:30:56.539Z"}}, {"model": "rest.spot", "pk": 7, "fields": {"spot_name": "\u3084\u307e\u4e2d\u672c\u5e97", "area": 12, "genre": 16, "evaluated_score": 3.6467123694942165, "latitude": 33.561954, "longitude": 130.424532, "link": "https://tabelog.com/fukuoka/A4001/A400202/40000002/", "created_at": "2019-10-22T12:34:39.422Z", "updated_at": "2019-10-22T12:34:39.422Z"}}, {"model": "rest.spot", "pk": 8, "fields": {"spot_name": "TORIBUDOU \u6e21\u8fba\u901a\u5e97", "area": 2, "genre": 32, "evaluated_score": 2.6468087588648364, "latitude": 33.583431, "longitude": 130.403338, "link": "https://tabelog.com/fukuoka/A4001/A400103/40031433/", "created_at": "2019-10-22T12:37:18.498Z", "updated_at": "2019-10-22T12:37:18.498Z"}}, {"model": "rest.situation", "pk": 1, "fields": {"situation_name": "\u53cb\u4eba", "created_at": "2019-10-22T12:36:50.984Z", "updated_at": "2019-10-22T12:36:50.984Z"}}, {"model": "rest.situation", "pk": 2, "fields": {"situation_name": "\u30c7\u30fc\u30c8", "created_at": "2019-10-22T12:36:50.992Z", "updated_at": "2019-10-22T12:36:50.992Z"}}, {"model": "rest.situation", "pk": 3, "fields": {"situation_name": "\u5bb6\u65cf", "created_at": "2019-10-22T12:36:50.993Z", "updated_at": "2019-10-22T12:36:50.993Z"}}, {"model": "rest.situation", "pk": 4, "fields": {"situation_name": "\u63a5\u5f85", "created_at": "2019-10-22T12:36:50.994Z", "updated_at": "2019-10-22T12:36:50.994Z"}}, {"model": "rest.situation", "pk": 5, "fields": {"situation_name": "\u5408\u30b3\u30f3", "created_at": "2019-10-22T12:36:50.995Z", "updated_at": "2019-10-22T12:36:50.995Z"}}, {"model": "rest.situation", "pk": 6, "fields": {"situation_name": "\u5927\u4eba\u6570\u30fb\u5bb4\u4f1a", "created_at": "2019-10-22T12:36:50.996Z", "updated_at": "2019-10-22T12:36:50.996Z"}}, {"model": "rest.kuchikomi", "pk": 1, "fields": {"account": "d915b900-da93-4268-a921-5b687ebd5c55", "spot": 1, "situation": 2, "price": 3000.0, "score": 4.5, "comment": "\u30c8\u30e0\u30ab\u30fc\u30ac\u30a4\uff08\u30b3\u30b3\u30ca\u30c3\u30c4\u306e\u30b9\u30fc\u30d7\uff09\u304c\u7f8e\u5473\u3057\u3044\u306e\u3067\u3001\u983c\u3093\u3067\u307f\u3066\u6b32\u3057\u3044\u3002", "deviation": null, "created_at": "2019-10-22T12:40:54.459Z", "updated_at": "2019-10-22T12:40:54.459Z"}}, {"model": "rest.kuchikomi", "pk": 2, "fields": {"account": "d915b900-da93-4268-a921-5b687ebd5c55", "spot": 3, "situation": 1, "price": 500.0, "score": 4.5, "comment": "\u4e38\u5929\u3046\u3069\u3093\u306b\u3068\u308d\u308d\u6606\u5e03\u3092\u4e57\u305b\u308b\u3068\u3046\u307e\u3059\u304e\u308b\u3002", "deviation": null, "created_at": "2019-10-22T12:45:25.491Z", "updated_at": "2019-10-22T12:45:25.491Z"}}, {"model": "rest.kuchikomi", "pk": 3, "fields": {"account": "d915b900-da93-4268-a921-5b687ebd5c55", "spot": 4, "situation": 1, "price": 700.0, "score": 4.0, "comment": "\u4e5d\u5927\u5468\u308a\u306e\u30e9\u30fc\u30e1\u30f3\u3067\u306f\u4e00\u756a\u7f8e\u5473\u3057\u3044\u3068\u601d\u3046\u3002", "deviation": null, "created_at": "2019-10-22T12:47:43.882Z", "updated_at": "2019-10-22T12:47:43.882Z"}}, {"model": "rest.kuchikomi", "pk": 4, "fields": {"account": "d915b900-da93-4268-a921-5b687ebd5c55", "spot": 5, "situation": 1, "price": 4000.0, "score": 2.5, "comment": "\u300c\u535a\u591a\u3067\u4e00\u756a\u3046\u307e\u3044\u9b5a\u3092\u98df\u308f\u3059\u5e97\u300d\u3068\u3042\u308b\u304c\u8a00\u3044\u904e\u304e\u3002\u63a5\u5ba2\u3082\u3088\u304f\u306a\u3044\u3002", "deviation": null, "created_at": "2019-10-22T12:48:26.710Z", "updated_at": "2019-10-22T12:48:26.710Z"}}, {"model": "rest.kuchikomi", "pk": 5, "fields": {"account": "d915b900-da93-4268-a921-5b687ebd5c55", "spot": 6, "situation": 1, "price": 4000.0, "score": 4.5, "comment": "\u798f\u5ca1\u306e\u3082\u3064\u934b\u306f\u300c\u4e00\u85e4\u300d\u304b\u300c\u3084\u307e\u4e2d\u300d\u3089\u3057\u3044\u304c\u3001\u591a\u5206\u4e00\u85e4\u306e\u65b9\u304c\u7f8e\u5473\u3057\u3044\u3002", "deviation": null, "created_at": "2019-10-22T12:49:12.855Z", "updated_at": "2019-10-22T12:49:12.855Z"}}, {"model": "rest.kuchikomi", "pk": 6, "fields": {"account": "d915b900-da93-4268-a921-5b687ebd5c55", "spot": 7, "situation": 3, "price": 4000.0, "score": 4.0, "comment": "\u5e97\u304c\u7dba\u9e97\u3067\u5bb6\u65cf\u3092\u9023\u308c\u3066\u3044\u304f\u3068\u3059\u3054\u304f\u559c\u3070\u308c\u308b\u3002\u5473\u3082\u7f8e\u5473\u3057\u3044\u3002", "deviation": null, "created_at": "2019-10-22T12:49:42.789Z", "updated_at": "2019-10-22T12:49:42.789Z"}}, {"model": "rest.kuchikomi", "pk": 7, "fields": {"account": "d915b900-da93-4268-a921-5b687ebd5c55", "spot": 8, "situation": 2, "price": 4000.0, "score": 3.8, "comment": "\u9650\u5b9a\u306e\u767d\u30ec\u30d0\u30fc\u306f\u304b\u306a\u308a\u7f8e\u5473\u3057\u3044\u3002", "deviation": null, "created_at": "2019-10-22T12:50:04.333Z", "updated_at": "2019-10-22T12:50:04.333Z"}}, {"model": "rest.kuchikomi", "pk": 8, "fields": {"account": "aa506bc9-4b4e-4b3a-a70f-0a9e6377b912", "spot": 1, "situation": 1, "price": 3400.0, "score": 3.8, "comment": "test01", "deviation": null, "created_at": "2019-10-22T13:18:02.845Z", "updated_at": "2019-10-22T13:18:02.846Z"}}, {"model": "rest.kuchikomi", "pk": 9, "fields": {"account": "aa506bc9-4b4e-4b3a-a70f-0a9e6377b912", "spot": 2, "situation": 1, "price": 800.0, "score": 2.6, "comment": "test01", "deviation": null, "created_at": "2019-10-22T13:18:19.592Z", "updated_at": "2019-10-22T13:18:19.592Z"}}, {"model": "rest.kuchikomi", "pk": 10, "fields": {"account": "aa506bc9-4b4e-4b3a-a70f-0a9e6377b912", "spot": 3, "situation": 1, "price": 800.0, "score": 3.5, "comment": "test", "deviation": null, "created_at": "2019-10-22T13:18:28.660Z", "updated_at": "2019-10-22T13:18:28.660Z"}}, {"model": "rest.kuchikomi", "pk": 11, "fields": {"account": "aa506bc9-4b4e-4b3a-a70f-0a9e6377b912", "spot": 4, "situation": 1, "price": 800.0, "score": 4.1, "comment": "test01", "deviation": null, "created_at": "2019-10-22T13:18:37.607Z", "updated_at": "2019-10-22T13:18:37.607Z"}}, {"model": "rest.kuchikomi", "pk": 12, "fields": {"account": "aa506bc9-4b4e-4b3a-a70f-0a9e6377b912", "spot": 5, "situation": 2, "price": 3000.0, "score": 3.2, "comment": "test01", "deviation": null, "created_at": "2019-10-22T13:18:52.188Z", "updated_at": "2019-10-22T13:18:52.188Z"}}, {"model": "rest.kuchikomi", "pk": 13, "fields": {"account": "aa506bc9-4b4e-4b3a-a70f-0a9e6377b912", "spot": 6, "situation": 2, "price": 4300.0, "score": 3.6, "comment": "test", "deviation": null, "created_at": "2019-10-22T13:19:21.857Z", "updated_at": "2019-10-22T13:19:21.857Z"}}, {"model": "rest.kuchikomi", "pk": 14, "fields": {"account": "aa506bc9-4b4e-4b3a-a70f-0a9e6377b912", "spot": 7, "situation": 2, "price": 4300.0, "score": 4.2, "comment": "test01", "deviation": null, "created_at": "2019-10-22T13:19:31.291Z", "updated_at": "2019-10-22T13:19:31.291Z"}}, {"model": "rest.kuchikomi", "pk": 15, "fields": {"account": "aa506bc9-4b4e-4b3a-a70f-0a9e6377b912", "spot": 8, "situation": 2, "price": 4300.0, "score": 3.2, "comment": "test", "deviation": null, "created_at": "2019-10-22T13:19:40.682Z", "updated_at": "2019-10-22T13:19:40.682Z"}}, {"model": "rest.kuchikomi", "pk": 16, "fields": {"account": "ff0fd3c0-2f5c-430a-8116-17df300b4422", "spot": 1, "situation": 2, "price": 2000.0, "score": 4.2, "comment": "test02", "deviation": null, "created_at": "2019-10-22T13:21:02.213Z", "updated_at": "2019-10-22T13:21:02.213Z"}}, {"model": "rest.kuchikomi", "pk": 17, "fields": {"account": "ff0fd3c0-2f5c-430a-8116-17df300b4422", "spot": 2, "situation": 2, "price": 2000.0, "score": 1.5, "comment": "test02", "deviation": null, "created_at": "2019-10-22T13:21:08.561Z", "updated_at": "2019-10-22T13:21:08.561Z"}}, {"model": "rest.kuchikomi", "pk": 18, "fields": {"account": "ff0fd3c0-2f5c-430a-8116-17df300b4422", "spot": 3, "situation": 2, "price": 2000.0, "score": 2.4, "comment": "test02", "deviation": null, "created_at": "2019-10-22T13:21:12.351Z", "updated_at": "2019-10-22T13:21:12.351Z"}}, {"model": "rest.kuchikomi", "pk": 19, "fields": {"account": "ff0fd3c0-2f5c-430a-8116-17df300b4422", "spot": 4, "situation": 2, "price": 2000.0, "score": 3.4, "comment": "test02", "deviation": null, "created_at": "2019-10-22T13:21:15.946Z", "updated_at": "2019-10-22T13:21:15.946Z"}}, {"model": "rest.kuchikomi", "pk": 20, "fields": {"account": "ff0fd3c0-2f5c-430a-8116-17df300b4422", "spot": 5, "situation": 2, "price": 2000.0, "score": 1.7, "comment": "test02", "deviation": null, "created_at": "2019-10-22T13:21:19.876Z", "updated_at": "2019-10-22T13:21:19.876Z"}}, {"model": "rest.kuchikomi", "pk": 21, "fields": {"account": "ff0fd3c0-2f5c-430a-8116-17df300b4422", "spot": 6, "situation": 2, "price": 2000.0, "score": 4.4, "comment": "test02", "deviation": null, "created_at": "2019-10-22T13:21:23.468Z", "updated_at": "2019-10-22T13:21:23.468Z"}}, {"model": "rest.kuchikomi", "pk": 22, "fields": {"account": "ff0fd3c0-2f5c-430a-8116-17df300b4422", "spot": 7, "situation": 2, "price": 2000.0, "score": 3.6, "comment": "test02", "deviation": null, "created_at": "2019-10-22T13:21:27.796Z", "updated_at": "2019-10-22T13:21:27.796Z"}}, {"model": "rest.kuchikomi", "pk": 23, "fields": {"account": "ff0fd3c0-2f5c-430a-8116-17df300b4422", "spot": 8, "situation": 2, "price": 2000.0, "score": 4.1, "comment": "test02", "deviation": null, "created_at": "2019-10-22T13:21:31.445Z", "updated_at": "2019-10-22T13:21:31.445Z"}}, {"model": "rest.kuchikomi", "pk": 24, "fields": {"account": "6af660ed-1db6-47d6-b872-55ab92a468af", "spot": 2, "situation": 1, "price": 700.0, "score": 1.4, "comment": "\uff12\u4eba\u3067\u884c\u3063\u3066\uff12\u4eba\u3068\u3082\u9593\u9055\u3063\u305f\u30e1\u30cb\u30e5\u30fc\u3092\u63d0\u4f9b\u3055\u308c\u305f\u3002", "deviation": null, "created_at": "2019-10-27T06:31:52.723Z", "updated_at": "2019-10-27T06:31:52.723Z"}}, {"model": "rest.kuchikomi", "pk": 25, "fields": {"account": "6af660ed-1db6-47d6-b872-55ab92a468af", "spot": 3, "situation": 1, "price": 850.0, "score": 3.5, "comment": "\u30ab\u30c4\u4e3c\u30df\u30cb\u3046\u3069\u3093\u30bb\u30c3\u30c8\u306e\u30b3\u30b9\u30d1\u304c\u6700\u9ad8\u3002", "deviation": null, "created_at": "2019-10-27T06:33:28.453Z", "updated_at": "2019-10-27T06:33:28.453Z"}}, {"model": "rest.kuchikomi", "pk": 26, "fields": {"account": "6af660ed-1db6-47d6-b872-55ab92a468af", "spot": 6, "situation": 2, "price": 3500.0, "score": 3.3, "comment": "\u3044\u3044\u5302\u3044\u304c\u3057\u305f\u3002", "deviation": null, "created_at": "2019-10-27T06:34:01.880Z", "updated_at": "2019-10-27T06:34:01.880Z"}}, {"model": "rest.kuchikomi", "pk": 27, "fields": {"account": "6af660ed-1db6-47d6-b872-55ab92a468af", "spot": 4, "situation": 1, "price": 800.0, "score": 4.3, "comment": "test05", "deviation": null, "created_at": "2019-10-27T06:40:00.396Z", "updated_at": "2019-10-27T06:40:00.396Z"}}, {"model": "rest.kuchikomi", "pk": 28, "fields": {"account": "6af660ed-1db6-47d6-b872-55ab92a468af", "spot": 8, "situation": 2, "price": 4000.0, "score": 3.5, "comment": "test05", "deviation": null, "created_at": "2019-10-27T06:40:58.772Z", "updated_at": "2019-10-27T06:40:58.772Z"}}, {"model": "rest.kuchikomi", "pk": 29, "fields": {"account": "6af660ed-1db6-47d6-b872-55ab92a468af", "spot": 5, "situation": 5, "price": 4000.0, "score": 2.5, "comment": "test05", "deviation": null, "created_at": "2019-10-27T06:41:43.287Z", "updated_at": "2019-10-27T06:41:43.287Z"}}, {"model": "rest.kuchikomi", "pk": 30, "fields": {"account": "6af660ed-1db6-47d6-b872-55ab92a468af", "spot": 1, "situation": 2, "price": 3000.0, "score": 3.6, "comment": "test05", "deviation": null, "created_at": "2019-10-27T06:41:58.306Z", "updated_at": "2019-10-27T06:41:58.306Z"}}, {"model": "rest.kuchikomi", "pk": 31, "fields": {"account": "6af660ed-1db6-47d6-b872-55ab92a468af", "spot": 7, "situation": 4, "price": 4000.0, "score": 3.3, "comment": "test05", "deviation": null, "created_at": "2019-10-27T06:45:31.806Z", "updated_at": "2019-10-27T06:45:31.806Z"}}, {"model": "rest.kuchikomi", "pk": 32, "fields": {"account": "ee762f0f-40da-470c-a8a5-ee8bd4727a46", "spot": 1, "situation": 1, "price": 3000.0, "score": 3.6, "comment": "test06", "deviation": null, "created_at": "2019-10-27T06:46:46.925Z", "updated_at": "2019-10-27T06:46:46.925Z"}}, {"model": "rest.kuchikomi", "pk": 33, "fields": {"account": "ee762f0f-40da-470c-a8a5-ee8bd4727a46", "spot": 2, "situation": 1, "price": 700.0, "score": 2.5, "comment": "test06", "deviation": null, "created_at": "2019-10-27T06:46:58.864Z", "updated_at": "2019-10-27T06:46:58.864Z"}}, {"model": "rest.kuchikomi", "pk": 34, "fields": {"account": "ee762f0f-40da-470c-a8a5-ee8bd4727a46", "spot": 3, "situation": 1, "price": 400.0, "score": 2.4, "comment": "test06", "deviation": null, "created_at": "2019-10-27T06:47:12.915Z", "updated_at": "2019-10-27T06:47:12.915Z"}}, {"model": "rest.kuchikomi", "pk": 35, "fields": {"account": "ee762f0f-40da-470c-a8a5-ee8bd4727a46", "spot": 4, "situation": 1, "price": 700.0, "score": 2.8, "comment": "test06", "deviation": null, "created_at": "2019-10-27T06:47:27.594Z", "updated_at": "2019-10-27T06:47:27.594Z"}}, {"model": "rest.kuchikomi", "pk": 36, "fields": {"account": "ee762f0f-40da-470c-a8a5-ee8bd4727a46", "spot": 5, "situation": 6, "price": 4000.0, "score": 3.8, "comment": "test06", "deviation": null, "created_at": "2019-10-27T06:47:44.520Z", "updated_at": "2019-10-27T06:47:44.520Z"}}, {"model": "rest.kuchikomi", "pk": 37, "fields": {"account": "ee762f0f-40da-470c-a8a5-ee8bd4727a46", "spot": 6, "situation": 4, "price": 4000.0, "score": 4.3, "comment": "test06", "deviation": null, "created_at": "2019-10-27T06:48:15.711Z", "updated_at": "2019-10-27T06:48:15.712Z"}}, {"model": "rest.kuchikomi", "pk": 38, "fields": {"account": "ee762f0f-40da-470c-a8a5-ee8bd4727a46", "spot": 7, "situation": 6, "price": 4500.0, "score": 3.9, "comment": "test06", "deviation": null, "created_at": "2019-10-27T06:48:33.854Z", "updated_at": "2019-10-27T06:48:33.854Z"}}, {"model": "rest.kuchikomi", "pk": 39, "fields": {"account": "ee762f0f-40da-470c-a8a5-ee8bd4727a46", "spot": 8, "situation": 1, "price": 4000.0, "score": 3.2, "comment": "test06", "deviation": null, "created_at": "2019-10-27T06:48:51.867Z", "updated_at": "2019-10-27T06:48:51.867Z"}}, {"model": "rest.neighborhood", "pk": 1, "fields": {"target": "50f9c3ce-56b2-4f71-9bdd-2da371313cdb", "first": "ee762f0f-40da-470c-a8a5-ee8bd4727a46", "second": "aa506bc9-4b4e-4b3a-a70f-0a9e6377b912", "third": "d915b900-da93-4268-a921-5b687ebd5c55", "created_at": "2019-10-27T22:10:54.799Z", "updated_at": "2019-10-27T22:10:54.799Z"}}, {"model": "rest.neighborhood", "pk": 2, "fields": {"target": "6af660ed-1db6-47d6-b872-55ab92a468af", "first": "ca057d6c-40e8-4d80-a362-eda14685bcfe", "second": "d915b900-da93-4268-a921-5b687ebd5c55", "third": "ff0fd3c0-2f5c-430a-8116-17df300b4422", "created_at": "2019-10-27T22:10:54.799Z", "updated_at": "2019-10-27T22:10:54.799Z"}}, {"model": "rest.neighborhood", "pk": 3, "fields": {"target": "aa506bc9-4b4e-4b3a-a70f-0a9e6377b912", "first": "d915b900-da93-4268-a921-5b687ebd5c55", "second": "50f9c3ce-56b2-4f71-9bdd-2da371313cdb", "third": "ee762f0f-40da-470c-a8a5-ee8bd4727a46", "created_at": "2019-10-27T22:10:54.799Z", "updated_at": "2019-10-27T22:10:54.799Z"}}, {"model": "rest.neighborhood", "pk": 4, "fields": {"target": "ca057d6c-40e8-4d80-a362-eda14685bcfe", "first": "6af660ed-1db6-47d6-b872-55ab92a468af", "second": "d915b900-da93-4268-a921-5b687ebd5c55", "third": "aa506bc9-4b4e-4b3a-a70f-0a9e6377b912", "created_at": "2019-10-27T22:10:54.799Z", "updated_at": "2019-10-27T22:10:54.799Z"}}, {"model": "rest.neighborhood", "pk": 5, "fields": {"target": "d915b900-da93-4268-a921-5b687ebd5c55", "first": "aa506bc9-4b4e-4b3a-a70f-0a9e6377b912", "second": "ca057d6c-40e8-4d80-a362-eda14685bcfe", "third": "50f9c3ce-56b2-4f71-9bdd-2da371313cdb", "created_at": "2019-10-27T22:10:54.799Z", "updated_at": "2019-10-27T22:10:54.799Z"}}, {"model": "rest.neighborhood", "pk": 6, "fields": {"target": "ee762f0f-40da-470c-a8a5-ee8bd4727a46", "first": "50f9c3ce-56b2-4f71-9bdd-2da371313cdb", "second": "aa506bc9-4b4e-4b3a-a70f-0a9e6377b912", "third": "d915b900-da93-4268-a921-5b687ebd5c55", "created_at": "2019-10-27T22:10:54.799Z", "updated_at": "2019-10-27T22:10:54.799Z"}}, {"model": "rest.neighborhood", "pk": 7, "fields": {"target": "ff0fd3c0-2f5c-430a-8116-17df300b4422", "first": "d915b900-da93-4268-a921-5b687ebd5c55", "second": "aa506bc9-4b4e-4b3a-a70f-0a9e6377b912", "third": "6af660ed-1db6-47d6-b872-55ab92a468af", "created_at": "2019-10-27T22:10:54.799Z", "updated_at": "2019-10-27T22:10:54.799Z"}}]